id,user_id,role,content,created_at
f634ce60-347b-401e-bc43-2bebc02ae124,e92de540-f2f4-4243-ab52-8e239a92aab1,user,Withdraw earnings,2026-02-16 15:46:55.812223+00
25d99bf0-2d13-4605-80d4-8e9709fbc15a,e92de540-f2f4-4243-ab52-8e239a92aab1,assistant,"Hello Kendrick12! I see you're ready to enjoy the fruits of your hard work. 

To withdraw your earnings on Welile, follow these simple steps:

1. Open the Welile app and go to your **Wallet** or **Earnings** section.
2. Select **Withdraw**.
3. Enter the amount you wish to withdraw (ensure you have enough for any applicable transaction expenses).
4. Choose your registered Mobile Money number.
5. Confirm the transaction.

Since your account is currently **not verified**, please make sure you have uploaded your National ID in the profile section. Verification is required to ensure your funds are sent securely to the right person.

**Want to boost your next withdrawal?**
As an Agent, you can earn a **5,000 UGX commission** for every rent facilitation request you help a tenant complete and get approved. Helping just one more tenant today puts more money in your pocket! 🚀",2026-02-16 15:46:59.04494+00
8d129bed-088d-46e6-aec2-d9165821f590,e92de540-f2f4-4243-ab52-8e239a92aab1,user,I tried to withdraw since last week thought I have refer some colleagues,2026-02-16 15:47:43.43848+00
733cb872-2fdd-415d-a964-cb7038e29be7,e92de540-f2f4-4243-ab52-8e239a92aab1,assistant,"Hello Kendrick12! I understand you're looking forward to your referral bonuses. 

If your withdrawal hasn't gone through, it is likely because your account is currently **unverified**. On Welile, account verification with your National ID is a mandatory step before you can access funds. This ensures your earnings are sent safely to the correct owner.

Regarding your referrals, please check two things:
1. **Registration Bonus:** You earn 100 UGX when your colleague registers.
2. **First Transaction Bonus:** You earn an extra 200 UGX once they complete their first transaction on the platform.

**Here is how to fix this:** 
Go to your Profile and upload your National ID for verification. Once the team approves it, you will be able to process your withdrawal via mobile money.

**Ready to grow your balance even faster?**
Now that you have started referring colleagues, why not help them submit their first rent receipt? You'll earn more while helping them explore the platform! 📈",2026-02-16 15:47:46.575504+00
77617732-9873-47e5-9f57-788051c057e5,2ce12b56-662a-415c-bfbc-aef3bc3490f0,user,How do I earn more?,2026-02-16 16:00:12.36231+00
224ca1ba-9379-4238-bb6d-24e2a718d061,2ce12b56-662a-415c-bfbc-aef3bc3490f0,assistant,"Hello **Bashiru Nasifu**, it is great to see you are ready to grow! Since you have multiple roles, you have the best chance to maximize your income.

Here is how you can boost your earnings right now:
*   **As an Agent:** Register new tenants. You earn **500 UGX** per registration and up to **15,000 UGX** for every rent request approved and delivered.
*   **As a Supporter:** Facilitate rent requests to earn **platform rewards** on the total facilitated rent volume.
*   **Referrals:** Invite friends to earn **100 UGX** for every signup and **200 UGX** after their first transaction.

To unlock full earnings, please **verify your account** first! Once verified, you can start processing rent requests for your 5% commission. 📈

Which role would you like to start earning from today?",2026-02-16 16:00:15.979652+00
3b895d89-618b-4c1e-8a1a-5d0dab489f87,2ce12b56-662a-415c-bfbc-aef3bc3490f0,user,Become a Partner,2026-02-16 16:01:19.415213+00
21e08dba-278b-4ce5-86ed-3f865bcb1cd0,2ce12b56-662a-415c-bfbc-aef3bc3490f0,assistant,"Becoming a **Tenant Partner** is a great way to grow your wealth on Welile, **Bashiru Nasifu**!

As a partner (Supporter), you earn by facilitating rent requests for others:
1. Go to the **Supporter** section in your app.
2. Select an available **supporter package** to increase your facilitated rent volume.
3. Earn **platform rewards** as tenants repay their facilitated rent.

The more rent volume you support, the higher your rewards. 🚀

Would you like to see the available **supporter packages** to start earning rewards today?",2026-02-16 16:01:21.82069+00
9a5377b0-b11f-4b62-94a0-3e49fa370389,d94d5c97-ecc6-4054-a5ea-a10d7a582a3c,user,How do I earn more?,2026-02-16 16:15:37.769213+00
2a1707b1-adfa-41ee-bf7f-dc6fcb7c6122,d94d5c97-ecc6-4054-a5ea-a10d7a582a3c,assistant,"Hello **EDINAS**, it's great to see you want to grow your income! 

Since you are both a **Tenant** and an **Agent**, here are the fastest ways to increase your earnings:

1.  **Register Users**: Earn **500 UGX** for every registration and **5,000 UGX** for every approved rent request.
2.  **Monitor Repayments**: You earn a **4% commission** on every daily repayment your tenants make.
3.  **Upload Receipts**: Post receipts from partner vendors to earn **platform rewards**.
4.  **Invite Friends**: Use your referral link to get **100 UGX** per signup and **200 UGX** on their first transaction.

Aim for **50 active tenants** to unlock an **Electric Bike** reward! Which of these would you like to start with today? 🚀",2026-02-16 16:15:40.450111+00
6660eaf3-bf63-4720-af40-52b06150ff2f,e9e14ee4-2c02-438e-917e-bb9080cc6a99,user,Withdraw earnings,2026-02-16 16:52:57.593915+00
6ddb01a5-4db1-463f-bba9-5d06055656ea,e9e14ee4-2c02-438e-917e-bb9080cc6a99,assistant,"Hello **Mugume Veneranda**, I can help you access your money. 

To withdraw your earnings via **Mobile Money**, follow these steps:
1. Open the **Wallet** section in the app.
2. Select **Withdraw** and enter the amount you wish to take out. 
3. Confirm your mobile money number and complete the request.

Please ensure your account is **verified** with your National ID to avoid delays. 

**Pro Tip:** Want to boost your balance? Refer a friend today to earn a **100 UGX** registration bonus instantly! 🚀",2026-02-16 16:53:00.186117+00
