created_at;details;escalation_type;id;portfolio_id;resolved_at;resolved_by;status
2026-03-23 07:00:03.193815+00;"{""amount"":12000000,""matured_at"":""2026-03-23T07:00:02.769Z"",""portfolio_code"":""WIP2503234440""}";maturity_expired;542da80b-e616-4645-b067-f2d6916061a9;382e7356-40aa-4409-90ca-4c5a88f65b3a;2026-03-23 08:45:22.572+00;;auto_resolved
2026-03-22 07:00:13.155187+00;"{""amount"":2000000,""created_at"":""2025-12-01T00:00:00+00:00"",""hours_pending"":2671,""portfolio_code"":""WIP2512019216""}";stale_approval;6233f0a3-a01f-4c6f-807f-6d9398664d81;087eccdd-027a-4182-b228-9655cd5ab267;;;open
2026-03-22 07:00:12.923575+00;"{""amount"":14000000,""created_at"":""2025-05-26T00:00:00+00:00"",""hours_pending"":7207,""portfolio_code"":""WIP2505262043""}";stale_approval;932046bc-54e9-4d97-9602-02fa7055fed3;fe78c017-279b-4975-86bc-2a0020ab4253;;;open
2026-03-22 07:00:12.740419+00;"{""amount"":15000000,""created_at"":""2025-11-19T00:00:00+00:00"",""hours_pending"":2959,""portfolio_code"":""WIP2511195329""}";stale_approval;049b4494-3519-4958-97b4-50bb8f2db97e;a89f6980-546d-4d79-8fe3-0052588c406e;;;open
2026-03-22 07:00:12.548303+00;"{""amount"":6000000,""created_at"":""2026-01-18T00:00:00+00:00"",""hours_pending"":1519,""portfolio_code"":""WIP2601184213""}";stale_approval;49d6e7e0-2375-4715-8eab-8c05ecbdcd57;b59ce7d2-1fe8-4c56-81e0-2f272cb04901;;;open
2026-03-22 07:00:12.363011+00;"{""amount"":5000000,""created_at"":""2025-05-19T00:00:00+00:00"",""hours_pending"":7375,""portfolio_code"":""WIP2505193776""}";stale_approval;e3421219-886c-4952-9691-30cc3dac9ae7;eb11e51f-ed36-4a8e-bfa9-2ae5e7d52e23;;;open
2026-03-22 07:00:12.174551+00;"{""amount"":26800000,""created_at"":""2025-06-17T00:00:00+00:00"",""hours_pending"":6679,""portfolio_code"":""WIP2506174613""}";stale_approval;6a3989a1-33c8-4a48-af56-7bac6927b0aa;548e514b-5857-4e95-877c-668bc4e1fc98;;;open
2026-03-22 07:00:11.949429+00;"{""amount"":1335994,""created_at"":""2025-04-14T00:00:00+00:00"",""hours_pending"":8215,""portfolio_code"":""WIP2504141860""}";stale_approval;ed8b9293-c371-488c-a16b-aa587d420a62;0460a1f9-c8ff-4555-a71d-6e379720f4fb;;;open
2026-03-22 07:00:11.763004+00;"{""amount"":100000000,""created_at"":""2025-10-02T00:00:00+00:00"",""hours_pending"":4111,""portfolio_code"":""WIP2510024954""}";stale_approval;a57690a5-cbaf-4182-a894-a0d253837d61;a86cd1cd-054b-42b3-8f46-63745d9d1920;;;open
2026-03-22 07:00:11.577615+00;"{""amount"":9600000,""created_at"":""2025-04-17T00:00:00+00:00"",""hours_pending"":8143,""portfolio_code"":""WIP2504171628""}";stale_approval;f273f4c9-47fa-47c2-8c0d-748c3a093615;6009c93c-c504-4a13-be2f-510851322087;;;open
2026-03-22 07:00:11.396022+00;"{""amount"":1900000,""created_at"":""2025-04-06T00:00:00+00:00"",""hours_pending"":8407,""portfolio_code"":""WIP2504063332""}";stale_approval;a7b1cb00-0847-4f46-b2f7-48c5b51e4840;62362e5c-0ed4-4b25-919b-d8ad6f932ae1;;;open
2026-03-22 07:00:11.216151+00;"{""amount"":2800000,""created_at"":""2025-07-21T00:00:00+00:00"",""hours_pending"":5863,""portfolio_code"":""WIP2507218679""}";stale_approval;dfcab4e4-d85c-4aba-8562-670746767b93;5d18953f-3d56-475d-aa8b-d15d7beddce3;;;open
2026-03-22 07:00:11.038454+00;"{""amount"":8420000,""created_at"":""2026-02-09T00:00:00+00:00"",""hours_pending"":991,""portfolio_code"":""WIP2602098802""}";stale_approval;7522cb61-0f8d-46fc-a48c-cf4150c584eb;961a0c12-a287-4e87-91a0-49f245d152ad;;;open
2026-03-22 07:00:10.852085+00;"{""amount"":4000000,""created_at"":""2025-03-14T00:00:00+00:00"",""hours_pending"":8959,""portfolio_code"":""WIP2503146462""}";stale_approval;cea63129-eed2-4862-9b96-dacb71528a77;3947abab-af67-4442-a1ec-7a48b61e93e8;;;open
2026-03-22 07:00:10.651495+00;"{""amount"":10000000,""created_at"":""2026-02-08T00:00:00+00:00"",""hours_pending"":1015,""portfolio_code"":""WIP2602082898""}";stale_approval;9e6df1f8-f757-4188-af6f-1448c67d3f41;d3b08388-8c70-47d6-8a2d-90378cb868c5;;;open
2026-03-22 07:00:10.464992+00;"{""amount"":10080000,""created_at"":""2026-02-08T00:00:00+00:00"",""hours_pending"":1015,""portfolio_code"":""WIP2602085863""}";stale_approval;8f8cc5eb-2200-4b6f-b33b-29fc00adf969;f9fc06f9-605e-4a84-b00f-c113f87aaef3;;;open
2026-03-22 07:00:10.256477+00;"{""amount"":20000000,""created_at"":""2025-07-17T00:00:00+00:00"",""hours_pending"":5959,""portfolio_code"":""WIP2507171486""}";stale_approval;688379e7-438e-4b5d-965c-900dfa3b1fb5;4d292795-27d9-4cbd-a8c9-c0702c416c5f;;;open
2026-03-22 07:00:10.0715+00;"{""amount"":703576,""created_at"":""2025-06-01T00:00:00+00:00"",""hours_pending"":7063,""portfolio_code"":""WIP2506018371""}";stale_approval;c308b8b5-a277-4ea5-a8cc-efb67e766cfa;bd15889d-4dfd-4652-830f-2f240bc2489b;;;open
2026-03-22 07:00:09.87981+00;"{""amount"":2000000,""created_at"":""2026-02-04T00:00:00+00:00"",""hours_pending"":1111,""portfolio_code"":""WIP2602047996""}";stale_approval;123005b9-1905-43da-82bc-f3c0021b5f21;52c3c83f-b7c9-454a-8de8-cb543cebad8b;;;open
2026-03-22 07:00:09.68396+00;"{""amount"":50000,""created_at"":""2025-04-07T00:00:00+00:00"",""hours_pending"":8383,""portfolio_code"":""WIP2504079899""}";stale_approval;e5f02258-a717-42b6-9c00-adf3180d1d92;0de1785d-35b7-42d6-b0d7-ee3bb64da8c6;;;open
2026-03-22 07:00:09.503859+00;"{""amount"":14570383,""created_at"":""2026-03-05T00:00:00+00:00"",""hours_pending"":415,""portfolio_code"":""WIP2603053503""}";stale_approval;1a77f794-69fc-4279-85e3-24af5298a5c1;58edc3a6-5ba7-4e3b-ad4f-acaaca6e1ebc;;;open
2026-03-22 07:00:09.32029+00;"{""amount"":31000000,""created_at"":""2026-03-19T00:00:00+00:00"",""hours_pending"":79,""portfolio_code"":""WIP2603195580""}";stale_approval;8ea7fc13-5e25-4776-bb2f-a47327a833d2;155ab5a2-6607-4481-9fd2-6be1129a1f37;;;open
2026-03-22 07:00:09.144289+00;"{""amount"":12000000,""created_at"":""2026-03-02T00:00:00+00:00"",""hours_pending"":487,""portfolio_code"":""WIP2603023142""}";stale_approval;57591a41-4424-4351-874f-550b78b4bff4;6513c7d7-20c7-43c1-9f5b-2cb5babe4402;;;open
2026-03-22 07:00:08.9682+00;"{""amount"":12683800,""created_at"":""2026-03-09T00:00:00+00:00"",""hours_pending"":319,""portfolio_code"":""WIP2603099499""}";stale_approval;697bb53f-9a56-4dbc-b487-9b19b5895622;ff2d55f4-a145-4b65-aa19-983fe470c91a;;;open
2026-03-22 07:00:08.769347+00;"{""amount"":1100000,""created_at"":""2026-03-14T00:00:00+00:00"",""hours_pending"":199,""portfolio_code"":""WIP2603141568""}";stale_approval;9b9269ea-c4af-4384-89b5-85a6e6acd531;d3fc1fa5-fe5f-4927-82b5-d63e0f3b50a4;;;open
2026-03-22 07:00:08.585606+00;"{""amount"":3500000,""created_at"":""2026-02-28T00:00:00+00:00"",""hours_pending"":535,""portfolio_code"":""WIP2602287389""}";stale_approval;86c9e4ae-2440-444b-b9e7-aeb3a48d947d;8fbfd586-8874-447f-a4d4-1c77da726df9;;;open
2026-03-22 07:00:08.41082+00;"{""amount"":3000000,""created_at"":""2026-03-02T00:00:00+00:00"",""hours_pending"":487,""portfolio_code"":""WIP2603024141""}";stale_approval;0e347e8e-0fa9-4ff0-b741-569b87e21940;66b29db9-45a5-42fb-87c8-77c04c24f2d5;;;open
2026-03-22 07:00:08.224996+00;"{""amount"":2000000,""created_at"":""2026-03-13T00:00:00+00:00"",""hours_pending"":223,""portfolio_code"":""WIP2603133379""}";stale_approval;2a909ad9-8226-4e94-9a9e-34db683c7e58;55acc24e-6b04-4b16-851c-854a61ec3604;;;open
2026-03-22 07:00:07.973128+00;"{""amount"":10000000,""created_at"":""2026-03-16T00:00:00+00:00"",""hours_pending"":151,""portfolio_code"":""WIP2603163335""}";stale_approval;274a80c5-187a-45af-bca0-2379cb376e9a;d6b51bc8-c340-42e5-b3d9-c9ad48e7f7a9;;;open
2026-03-22 07:00:07.782848+00;"{""amount"":1000000,""created_at"":""2026-03-04T00:00:00+00:00"",""hours_pending"":439,""portfolio_code"":""WIP2603049746""}";stale_approval;9d2a3921-5699-44d7-ba68-dbf9cc84ba20;03dde3d5-c731-48e4-819d-cdf6f8314938;;;open
2026-03-22 07:00:07.602029+00;"{""amount"":7000000,""created_at"":""2026-03-13T00:00:00+00:00"",""hours_pending"":223,""portfolio_code"":""WIP2603134508""}";stale_approval;aacaa22f-7ba5-437a-ad08-1f1cf0496b3a;86da2438-728f-4298-b223-ffbbf6b06332;;;open
2026-03-22 07:00:07.417715+00;"{""amount"":5940000,""created_at"":""2026-03-10T00:00:00+00:00"",""hours_pending"":295,""portfolio_code"":""WIP2603109241""}";stale_approval;537948c8-6f54-4d10-a68d-0e6f441268d5;8cbdac2b-7371-4820-aad0-fbe604e5f972;;;open
2026-03-22 07:00:07.198823+00;"{""amount"":2500000,""created_at"":""2026-03-10T00:00:00+00:00"",""hours_pending"":295,""portfolio_code"":""WIP2603103160""}";stale_approval;fa70f4cb-d395-496d-b986-e933cae54b98;88ff3932-a523-48fe-91b6-5ef0d1a2528b;;;open
2026-03-22 07:00:07.024404+00;"{""amount"":5082000,""created_at"":""2026-03-10T00:00:00+00:00"",""hours_pending"":295,""portfolio_code"":""WIP2603104252""}";stale_approval;eedadb89-b6fd-42ab-897c-0a81ea4df9a1;15ed084a-94a1-4ae0-a9b7-6b5906df3882;;;open
2026-03-22 07:00:06.854437+00;"{""amount"":3000000,""created_at"":""2026-03-16T00:00:00+00:00"",""hours_pending"":151,""portfolio_code"":""WIP2603161838""}";stale_approval;dacb263b-95cd-44a0-aab4-a9d23cbc793d;c13bc4db-a74c-4e8d-aad7-5c26c1c55930;;;open
2026-03-22 07:00:06.511752+00;"{""amount"":25000000,""created_at"":""2026-03-15T00:00:00+00:00"",""hours_pending"":175,""portfolio_code"":""WIP2603159711""}";stale_approval;8af2ae66-6b59-42bd-b560-94bc13a0eacf;713e50e0-4aad-4e0b-b41f-68f189129fab;;;open
2026-03-22 07:00:06.2977+00;"{""amount"":32547000,""created_at"":""2026-02-28T00:00:00+00:00"",""hours_pending"":535,""portfolio_code"":""WIP2602283615""}";stale_approval;1bf19874-b693-4b17-942c-f6939b8c916f;e04657c9-fcf6-4a2f-90c5-ed24b89c49a4;;;open
2026-03-22 07:00:06.074889+00;"{""amount"":9360000,""created_at"":""2026-03-07T00:00:00+00:00"",""hours_pending"":367,""portfolio_code"":""WIP2603078058""}";stale_approval;cdacc29e-c5bb-4694-94d9-9891fcd74dcc;0e675339-4852-46aa-90a8-7c0c40d20b08;;;open
2026-03-22 07:00:05.919606+00;"{""amount"":35000000,""created_at"":""2026-03-19T00:00:00+00:00"",""hours_pending"":79,""portfolio_code"":""WIP2603194736""}";stale_approval;559b7270-e1f4-4e61-b883-16ec32bc8a6d;07289785-1f43-48a7-b470-df27246fb586;;;open
2026-03-22 07:00:05.745991+00;"{""amount"":5000000,""created_at"":""2026-03-02T00:00:00+00:00"",""hours_pending"":487,""portfolio_code"":""WIP2603026132""}";stale_approval;b5f22391-6296-486d-9427-bbdc3aefb13d;d30ac7d5-b7fa-46e2-9320-ffa87af01d88;;;open
2026-03-22 07:00:05.57852+00;"{""amount"":5320000,""created_at"":""2026-02-28T00:00:00+00:00"",""hours_pending"":535,""portfolio_code"":""WIP2602286220""}";stale_approval;96974189-fe7c-49f4-963b-1d4808c0e79a;0b2213a8-aa59-4843-97bd-ca5d9e2f6556;;;open
2026-03-22 07:00:05.413716+00;"{""amount"":2950000,""created_at"":""2025-03-06T00:00:00+00:00"",""hours_pending"":9151,""portfolio_code"":""WIP2503068696""}";stale_approval;cbe20423-7a75-425a-934e-2ffba4e3d3f8;a06de557-e7e3-4b19-b3bf-6b43ca744942;;;open
2026-03-22 07:00:05.244233+00;"{""amount"":1700000,""created_at"":""2025-03-27T00:00:00+00:00"",""hours_pending"":8647,""portfolio_code"":""WIP2503276813""}";stale_approval;937b4419-3b26-4cea-8734-c9c3fae81c53;adc5f82a-bb50-490d-aad5-53510dc6489e;;;open
2026-03-22 07:00:05.028595+00;"{""amount"":1000000,""created_at"":""2025-03-23T00:00:00+00:00"",""hours_pending"":8743,""portfolio_code"":""WIP2503231851""}";stale_approval;18c8d11a-b311-4924-aa84-70299794e89a;64947e32-af24-4d50-af62-b745f338bbc9;;;open
2026-03-22 07:00:04.855084+00;"{""amount"":9000000,""created_at"":""2025-03-06T00:00:00+00:00"",""hours_pending"":9151,""portfolio_code"":""WIP2503063318""}";stale_approval;81d9d962-7eaa-4e5d-bf21-6700def54949;d9a2a2e8-168c-4043-94ee-af4b8e9b7cd0;;;open
2026-03-22 07:00:04.682706+00;"{""amount"":2000000,""created_at"":""2025-03-27T00:00:00+00:00"",""hours_pending"":8647,""portfolio_code"":""WIP2503279377""}";stale_approval;629dc2ce-54b4-4306-94d2-a3a9cec43748;d3562df6-bd07-4619-bdc6-d276166ae3ef;;;open
2026-03-22 07:00:04.497629+00;"{""amount"":23500000,""created_at"":""2026-03-19T00:00:00+00:00"",""hours_pending"":79,""portfolio_code"":""WIP2603196819""}";stale_approval;a3e01403-697d-4ac9-94df-79f9ad7a5549;962c825a-1749-4a2b-92c2-40049d858b1c;;;open
2026-03-22 07:00:04.174418+00;"{""amount"":7000000,""created_at"":""2025-03-09T00:00:00+00:00"",""hours_pending"":9079,""portfolio_code"":""WIP2503098339""}";stale_approval;2d23e7aa-e8a9-4b69-b9dc-4ece465b3407;40a3e33d-a2bd-4ac2-859a-64618826d381;;;open
2026-03-22 07:00:03.516974+00;"{""amount"":12000000,""matured_at"":""2026-03-22T07:00:03.106Z"",""portfolio_code"":""WIP2503227260""}";maturity_expired;bca6c665-0d69-4f77-9a22-8139258509f9;ae1e281b-3fad-47c8-9488-eed84a7065be;2026-03-22 09:59:06.082+00;;auto_resolved
2026-03-21 07:00:05.243167+00;"{""amount"":31000000,""created_at"":""2026-03-19T00:00:00+00:00"",""hours_pending"":55,""portfolio_code"":""WIP2603195580""}";stale_approval;7b7c86f6-5cbf-45e4-b257-35604801fbe6;155ab5a2-6607-4481-9fd2-6be1129a1f37;2026-03-21 15:29:55.824+00;;acknowledged
2026-03-21 07:00:04.228624+00;"{""amount"":35000000,""created_at"":""2026-03-19T00:00:00+00:00"",""hours_pending"":55,""portfolio_code"":""WIP2603194736""}";stale_approval;1cc0b67a-a1b3-4512-9124-5a2ce418156d;07289785-1f43-48a7-b470-df27246fb586;2026-03-21 15:29:55.824+00;;acknowledged
2026-03-21 07:00:03.447932+00;"{""amount"":23500000,""created_at"":""2026-03-19T00:00:00+00:00"",""hours_pending"":55,""portfolio_code"":""WIP2603196819""}";stale_approval;e69630e5-2839-4b6b-b3df-8753e278d0d0;962c825a-1749-4a2b-92c2-40049d858b1c;2026-03-21 15:29:55.824+00;;acknowledged
2026-03-21 07:00:03.1516+00;"{""amount"":28000000,""days_remaining"":7,""portfolio_code"":""WIP2603122701""}";maturity_7d;8abd5974-d9d3-4c96-bd20-fceeac0615ec;b564d5e9-ffe6-44de-81e0-cb8c1978faaa;2026-03-21 15:25:04.107054+00;;auto_resolved
2026-03-21 07:00:02.970113+00;"{""amount"":3000000,""matured_at"":""2026-03-21T07:00:02.362Z"",""portfolio_code"":""WIP2503215752""}";maturity_expired;62bc3fea-8173-422a-9bbb-e467797b7439;034b6074-234f-4459-9bf3-1659fe3e511a;2026-03-21 15:25:04.107054+00;;auto_resolved
2026-03-20 07:00:02.542287+00;"{""amount"":4500000,""days_remaining"":7,""portfolio_code"":""WIP2503275681""}";maturity_7d;e8bc8f35-e016-4162-a28c-b8a25dcc0317;4e6f664d-725c-41ee-8488-8aacb4c32c5b;2026-03-21 15:25:04.107054+00;;auto_resolved
2026-03-19 07:00:13.187697+00;"{""amount"":2000000,""created_at"":""2025-12-01T00:00:00+00:00"",""hours_pending"":2599,""portfolio_code"":""WIP2512019216""}";stale_approval;2cbbc507-350d-493e-8f5f-bea763e3a725;087eccdd-027a-4182-b228-9655cd5ab267;2026-03-21 15:29:55.824+00;;acknowledged
2026-03-19 07:00:12.990862+00;"{""amount"":14000000,""created_at"":""2025-05-26T00:00:00+00:00"",""hours_pending"":7135,""portfolio_code"":""WIP2505262043""}";stale_approval;91ed45d0-62f0-4022-ae2b-fa6eb287dbed;fe78c017-279b-4975-86bc-2a0020ab4253;2026-03-21 15:29:55.824+00;;acknowledged
2026-03-19 07:00:12.810327+00;"{""amount"":15000000,""created_at"":""2025-11-19T00:00:00+00:00"",""hours_pending"":2887,""portfolio_code"":""WIP2511195329""}";stale_approval;97b3f457-91c0-4ac6-b02e-fc85f3ed2e09;a89f6980-546d-4d79-8fe3-0052588c406e;2026-03-21 15:29:55.824+00;;acknowledged
2026-03-19 07:00:12.576189+00;"{""amount"":6000000,""created_at"":""2026-01-18T00:00:00+00:00"",""hours_pending"":1447,""portfolio_code"":""WIP2601184213""}";stale_approval;cf3183d2-3385-49b0-9b3d-4b57a451322e;b59ce7d2-1fe8-4c56-81e0-2f272cb04901;2026-03-21 15:29:55.824+00;;acknowledged
2026-03-19 07:00:12.399578+00;"{""amount"":5000000,""created_at"":""2025-05-19T00:00:00+00:00"",""hours_pending"":7303,""portfolio_code"":""WIP2505193776""}";stale_approval;a03e238e-70b7-4af3-bf6b-16280e1bc6fa;eb11e51f-ed36-4a8e-bfa9-2ae5e7d52e23;2026-03-21 15:29:55.824+00;;acknowledged
2026-03-19 07:00:12.234424+00;"{""amount"":26800000,""created_at"":""2025-06-17T00:00:00+00:00"",""hours_pending"":6607,""portfolio_code"":""WIP2506174613""}";stale_approval;59d137ec-d8dd-4d28-b98a-9e729f25a668;548e514b-5857-4e95-877c-668bc4e1fc98;2026-03-21 15:29:55.824+00;;acknowledged
2026-03-19 07:00:12.047809+00;"{""amount"":1335994,""created_at"":""2025-04-14T00:00:00+00:00"",""hours_pending"":8143,""portfolio_code"":""WIP2504141860""}";stale_approval;9acd441b-fb63-4bd9-a758-b1762e5b56e4;0460a1f9-c8ff-4555-a71d-6e379720f4fb;2026-03-21 15:29:55.824+00;;acknowledged
2026-03-19 07:00:11.86124+00;"{""amount"":100000000,""created_at"":""2025-10-02T00:00:00+00:00"",""hours_pending"":4039,""portfolio_code"":""WIP2510024954""}";stale_approval;4ef220d9-50c9-4b66-9698-c59de78ebad3;a86cd1cd-054b-42b3-8f46-63745d9d1920;2026-03-21 15:29:55.824+00;;acknowledged
2026-03-19 07:00:11.673972+00;"{""amount"":9600000,""created_at"":""2025-04-17T00:00:00+00:00"",""hours_pending"":8071,""portfolio_code"":""WIP2504171628""}";stale_approval;1b2240c7-039d-4016-a6fd-abdc19b36dc4;6009c93c-c504-4a13-be2f-510851322087;2026-03-21 15:29:55.824+00;;acknowledged
2026-03-19 07:00:11.496672+00;"{""amount"":1900000,""created_at"":""2025-04-06T00:00:00+00:00"",""hours_pending"":8335,""portfolio_code"":""WIP2504063332""}";stale_approval;3cc49a18-8047-4c5b-a2f2-286eb65c18e5;62362e5c-0ed4-4b25-919b-d8ad6f932ae1;2026-03-21 15:29:55.824+00;;acknowledged
2026-03-19 07:00:11.322836+00;"{""amount"":2800000,""created_at"":""2025-07-21T00:00:00+00:00"",""hours_pending"":5791,""portfolio_code"":""WIP2507218679""}";stale_approval;e6a3a265-e834-4aec-88e6-efd1afbbff66;5d18953f-3d56-475d-aa8b-d15d7beddce3;2026-03-21 15:29:55.824+00;;acknowledged
2026-03-19 07:00:11.154606+00;"{""amount"":8420000,""created_at"":""2026-02-09T00:00:00+00:00"",""hours_pending"":919,""portfolio_code"":""WIP2602098802""}";stale_approval;078e1ad1-b4a3-4884-9351-859a0c2004f9;961a0c12-a287-4e87-91a0-49f245d152ad;2026-03-21 15:29:55.824+00;;acknowledged
2026-03-19 07:00:10.979557+00;"{""amount"":4000000,""created_at"":""2025-03-14T00:00:00+00:00"",""hours_pending"":8887,""portfolio_code"":""WIP2503146462""}";stale_approval;1b968353-bcc7-4c6a-b84f-40882e86bdcb;3947abab-af67-4442-a1ec-7a48b61e93e8;2026-03-21 15:29:55.824+00;;acknowledged
2026-03-19 07:00:10.811847+00;"{""amount"":10000000,""created_at"":""2026-02-08T00:00:00+00:00"",""hours_pending"":943,""portfolio_code"":""WIP2602082898""}";stale_approval;57bc24f2-8ba9-4897-ba3c-42ab90782c58;d3b08388-8c70-47d6-8a2d-90378cb868c5;2026-03-21 15:29:55.824+00;;acknowledged
2026-03-19 07:00:10.628601+00;"{""amount"":10080000,""created_at"":""2026-02-08T00:00:00+00:00"",""hours_pending"":943,""portfolio_code"":""WIP2602085863""}";stale_approval;4a3b0cac-be70-4481-815f-d3425a8caac5;f9fc06f9-605e-4a84-b00f-c113f87aaef3;2026-03-21 15:29:55.824+00;;acknowledged
2026-03-19 07:00:10.455027+00;"{""amount"":20000000,""created_at"":""2025-07-17T00:00:00+00:00"",""hours_pending"":5887,""portfolio_code"":""WIP2507171486""}";stale_approval;303cc98b-7c4f-4c4f-bf45-da548a2ed238;4d292795-27d9-4cbd-a8c9-c0702c416c5f;2026-03-21 15:29:55.824+00;;acknowledged
2026-03-19 07:00:10.266152+00;"{""amount"":703576,""created_at"":""2025-06-01T00:00:00+00:00"",""hours_pending"":6991,""portfolio_code"":""WIP2506018371""}";stale_approval;82fd41be-a3cb-45dd-92be-6760c8daac32;bd15889d-4dfd-4652-830f-2f240bc2489b;2026-03-21 15:29:55.824+00;;acknowledged
2026-03-19 07:00:10.074223+00;"{""amount"":2000000,""created_at"":""2026-02-04T00:00:00+00:00"",""hours_pending"":1039,""portfolio_code"":""WIP2602047996""}";stale_approval;701ac8dd-d41f-4335-8b28-f172d187d819;52c3c83f-b7c9-454a-8de8-cb543cebad8b;2026-03-21 15:29:55.824+00;;acknowledged
2026-03-19 07:00:09.889197+00;"{""amount"":50000,""created_at"":""2025-04-07T00:00:00+00:00"",""hours_pending"":8311,""portfolio_code"":""WIP2504079899""}";stale_approval;b25e69b9-2a98-4db4-8d57-b8f1dd84a5ad;0de1785d-35b7-42d6-b0d7-ee3bb64da8c6;2026-03-21 15:29:55.824+00;;acknowledged
2026-03-19 07:00:08.921779+00;"{""amount"":500000,""matured_at"":""2026-03-19T07:00:07.228Z"",""portfolio_code"":""WIP2502205851""}";maturity_expired;6a7aabf9-81f7-4002-9d50-e6fce73b3c3f;48af943d-3b8f-41d2-8ace-8aadcfeeedbe;2026-03-21 15:25:04.107054+00;;auto_resolved
2026-03-19 07:00:08.818065+00;"{""amount"":200000,""days_remaining"":13,""portfolio_code"":""WIP2504012955""}";maturity_30d;71021380-78b6-4bcc-9f49-0b8f9fb7c195;e3f2ac7a-82bf-47d7-907f-c5f7c2de2c1b;2026-03-21 15:25:04.107054+00;;auto_resolved
2026-03-19 07:00:08.727969+00;"{""amount"":200000,""days_remaining"":16,""portfolio_code"":""WIP2504044288""}";maturity_30d;047d288b-9b58-4fe2-8068-51b08c561677;3fc73753-3130-4331-8ed2-e25cfceb628e;2026-03-21 15:25:04.107054+00;;auto_resolved
2026-03-19 07:00:08.642985+00;"{""amount"":500000,""days_remaining"":22,""portfolio_code"":""WIP2504105563""}";maturity_30d;4dda0898-6573-4dba-b589-a8a8b4767278;8849279a-ca53-4c41-9810-096edf620665;2026-03-21 15:25:04.107054+00;;auto_resolved
2026-03-19 07:00:08.584301+00;"{""amount"":597197,""matured_at"":""2026-03-19T07:00:07.228Z"",""portfolio_code"":""WIP2503035090""}";maturity_expired;6012731a-783e-4888-8dee-368625649615;667f1b54-8a93-408c-ad0b-4060c0ac3b0e;2026-03-21 15:25:04.107054+00;;auto_resolved
2026-03-19 07:00:08.467526+00;"{""amount"":1000000,""days_remaining"":12,""portfolio_code"":""WIP2503311833""}";maturity_30d;079566c5-c332-435d-b7ad-932d86e75340;1ec28990-58f5-4812-a968-1aa9d0e53d51;2026-03-21 15:25:04.107054+00;;auto_resolved
2026-03-19 07:00:08.382251+00;"{""amount"":1000000,""days_remaining"":25,""portfolio_code"":""WIP2504137421""}";maturity_30d;b74a71ac-9a7e-4fcb-9a63-19d9243970c4;801e99b0-f25e-425f-a3d8-7406ba6802c8;2026-03-21 15:25:04.107054+00;;auto_resolved
2026-03-19 07:00:08.280846+00;"{""amount"":1560000,""days_remaining"":20,""portfolio_code"":""WIP2504084530""}";maturity_30d;de1382d6-fffc-4a40-bb57-3621447a38ba;465975f4-0d58-40e9-8ca9-8dfc63c7ae55;2026-03-21 15:25:04.107054+00;;auto_resolved
2026-03-19 07:00:08.223814+00;"{""amount"":1000000,""matured_at"":""2026-03-19T07:00:07.228Z"",""portfolio_code"":""WIP2503037145""}";maturity_expired;3ea1d8ac-18f5-4c7a-b92b-495dc5856877;373f7db8-fcf7-4622-bd08-9de11fd06d0f;2026-03-21 15:25:04.107054+00;;auto_resolved
2026-03-19 07:00:08.095899+00;"{""amount"":8000000,""days_remaining"":13,""portfolio_code"":""WIP2504017545""}";maturity_30d;6393051d-b2cb-45f7-8dc2-f539256e0081;be5ce118-897b-4376-b460-7c0a5187fcd8;2026-03-21 15:25:04.107054+00;;auto_resolved
2026-03-19 07:00:08.039274+00;"{""amount"":300000,""matured_at"":""2026-03-19T07:00:07.228Z"",""portfolio_code"":""WIP2503094894""}";maturity_expired;4a895990-cc76-4661-a38a-f608ca92a934;5d00fa61-2570-4dc9-9c6e-a0ba125534e8;2026-03-21 15:25:04.107054+00;;auto_resolved
2026-03-19 07:00:07.95928+00;"{""amount"":5000000,""matured_at"":""2026-03-19T07:00:07.228Z"",""portfolio_code"":""WIP2503196531""}";maturity_expired;11f377f6-fc19-455e-ace7-0c9827c5edb8;44da8988-a321-4058-a4f2-9a9d0760ff04;2026-03-21 15:25:04.107054+00;;auto_resolved
2026-03-19 07:00:07.850164+00;"{""amount"":2600000,""matured_at"":""2026-03-19T07:00:07.228Z"",""portfolio_code"":""WIP2502288512""}";maturity_expired;59ac2b70-f8d1-4822-9a38-b83ff08c15ca;df1e9322-f2f4-49f1-b2e4-1b13f81c4023;2026-03-21 15:25:04.107054+00;;auto_resolved
2026-03-19 07:00:07.666341+00;"{""amount"":10000000,""days_remaining"":5,""portfolio_code"":""WIP2503248054""}";maturity_7d;7e00cbe9-f41a-4611-855e-661c41df23bf;317fa540-81ca-4210-bcbf-02ef22dc7a9c;2026-03-21 15:25:04.107054+00;;auto_resolved
2026-03-19 07:00:07.56806+00;"{""amount"":4250000,""matured_at"":""2026-03-19T07:00:07.228Z"",""portfolio_code"":""WIP2503063114""}";maturity_expired;9c9280f2-5eb6-4898-8e0d-7cba0ef38064;d5b7c655-f820-4496-ae99-8f2b38c358cb;2026-03-21 15:25:04.107054+00;;auto_resolved
2026-03-19 07:00:07.44115+00;"{""amount"":15000000,""matured_at"":""2026-03-19T07:00:07.228Z"",""portfolio_code"":""WIP2503147897""}";maturity_expired;5fffe38c-5458-4b00-b48e-830bfd1957a6;ae54f0dd-d59a-4c57-8952-5a04faf56ce0;2026-03-21 15:25:04.107054+00;;auto_resolved
2026-03-18 07:00:14.299292+00;"{""amount"":2500000,""created_at"":""2026-03-16T00:00:00+00:00"",""hours_pending"":55,""portfolio_code"":""WIP2603164878""}";stale_approval;aedc755a-2c61-438a-b771-f15bbf29b350;a1b3f1af-5259-442e-819a-6f0fdabd9fc8;2026-03-21 15:25:21.389227+00;;auto_resolved
2026-03-18 07:00:14.047261+00;"{""amount"":2000000,""created_at"":""2026-03-09T00:00:00+00:00"",""hours_pending"":223,""portfolio_code"":""WIP2603092070""}";stale_approval;c8c45d80-e2b9-4b1d-8ae5-0b50635f1075;569995c1-7fbc-4083-951a-942cc840900c;2026-03-21 15:25:21.389227+00;;auto_resolved
2026-03-18 07:00:13.82984+00;"{""amount"":12000000,""created_at"":""2026-03-02T00:00:00+00:00"",""hours_pending"":391,""portfolio_code"":""WIP2603023142""}";stale_approval;ed97ab0c-cf00-47a0-b3d7-07ca41892736;6513c7d7-20c7-43c1-9f5b-2cb5babe4402;2026-03-21 15:29:55.824+00;;acknowledged
2026-03-18 07:00:13.614633+00;"{""amount"":12683800,""created_at"":""2026-03-09T00:00:00+00:00"",""hours_pending"":223,""portfolio_code"":""WIP2603099499""}";stale_approval;bf973265-2ad6-45f2-ac36-76f99ad14182;ff2d55f4-a145-4b65-aa19-983fe470c91a;2026-03-21 15:29:55.824+00;;acknowledged
2026-03-18 07:00:13.39677+00;"{""amount"":14570383,""created_at"":""2026-03-05T00:00:00+00:00"",""hours_pending"":319,""portfolio_code"":""WIP2603053503""}";stale_approval;1502a4af-0acc-4d70-8fcd-869adcf4891b;58edc3a6-5ba7-4e3b-ad4f-acaaca6e1ebc;2026-03-21 15:29:55.824+00;;acknowledged
2026-03-18 07:00:13.162825+00;"{""amount"":14420040,""created_at"":""2026-03-09T00:00:00+00:00"",""hours_pending"":223,""portfolio_code"":""WIP2603097542""}";stale_approval;e11491d8-af6f-4687-8494-b8e92a59218a;5c172fd3-a6a4-4b1a-b422-03107dc71ac6;2026-03-21 15:25:21.389227+00;;auto_resolved
2026-03-18 07:00:12.93522+00;"{""amount"":4619441,""created_at"":""2026-03-10T00:00:00+00:00"",""hours_pending"":199,""portfolio_code"":""WIP2603101940""}";stale_approval;82660498-8fc2-4864-ab05-a8a9e1d0c6b5;23a51837-052e-42c1-958a-9dffa3ae333c;2026-03-21 15:25:21.389227+00;;auto_resolved
2026-03-18 07:00:12.701403+00;"{""amount"":1100000,""created_at"":""2026-03-14T00:00:00+00:00"",""hours_pending"":103,""portfolio_code"":""WIP2603141568""}";stale_approval;4d8ae4ab-7abb-4177-92a8-74d8baf5749a;d3fc1fa5-fe5f-4927-82b5-d63e0f3b50a4;2026-03-21 15:29:55.824+00;;acknowledged
2026-03-18 07:00:12.444517+00;"{""amount"":3500000,""created_at"":""2026-02-28T00:00:00+00:00"",""hours_pending"":439,""portfolio_code"":""WIP2602287389""}";stale_approval;92c520ba-2566-4d73-bfb7-b95b912fad3a;8fbfd586-8874-447f-a4d4-1c77da726df9;2026-03-21 15:29:55.824+00;;acknowledged
2026-03-18 07:00:12.200823+00;"{""amount"":3000000,""created_at"":""2026-03-02T00:00:00+00:00"",""hours_pending"":391,""portfolio_code"":""WIP2603024141""}";stale_approval;43c176d4-d892-4b81-8b46-f4ea71a42d0f;66b29db9-45a5-42fb-87c8-77c04c24f2d5;2026-03-21 15:29:55.824+00;;acknowledged
2026-03-18 07:00:11.953658+00;"{""amount"":2000000,""created_at"":""2026-03-13T00:00:00+00:00"",""hours_pending"":127,""portfolio_code"":""WIP2603133379""}";stale_approval;b1121a32-e811-4215-adf1-17c29c5a140a;55acc24e-6b04-4b16-851c-854a61ec3604;2026-03-21 15:29:55.824+00;;acknowledged
2026-03-18 07:00:11.697292+00;"{""amount"":1791590,""created_at"":""2026-03-06T00:00:00+00:00"",""hours_pending"":295,""portfolio_code"":""WIP2603067474""}";stale_approval;a3cf7610-79fc-4a56-b00e-9f2ab81c1414;3076fc39-8393-4ca2-9b51-cdfe7148db2d;2026-03-21 15:25:21.389227+00;;auto_resolved
2026-03-18 07:00:11.429183+00;"{""amount"":10000000,""created_at"":""2026-03-16T00:00:00+00:00"",""hours_pending"":55,""portfolio_code"":""WIP2603163335""}";stale_approval;605798ff-f04e-4e2c-9ea2-e65d55dd9014;d6b51bc8-c340-42e5-b3d9-c9ad48e7f7a9;2026-03-21 15:29:55.824+00;;acknowledged
2026-03-18 07:00:11.196132+00;"{""amount"":150000,""created_at"":""2026-03-01T00:00:00+00:00"",""hours_pending"":415,""portfolio_code"":""WIP2603018496""}";stale_approval;baaf8ee2-e5e4-4054-a7d7-51ce915725e6;39855e2e-8f67-41d2-a620-c62eec24c4ab;2026-03-21 15:25:21.389227+00;;auto_resolved
2026-03-18 07:00:10.967051+00;"{""amount"":5940000,""created_at"":""2026-03-10T00:00:00+00:00"",""hours_pending"":199,""portfolio_code"":""WIP2603109241""}";stale_approval;9e1602b6-effe-41ea-8753-958465af9a4b;8cbdac2b-7371-4820-aad0-fbe604e5f972;2026-03-21 15:29:55.824+00;;acknowledged
2026-03-18 07:00:10.710231+00;"{""amount"":25000000,""created_at"":""2026-03-15T00:00:00+00:00"",""hours_pending"":79,""portfolio_code"":""WIP2603159711""}";stale_approval;ac3cc777-cc85-4ea2-b6ae-061bcf97fd84;713e50e0-4aad-4e0b-b41f-68f189129fab;2026-03-21 15:29:55.824+00;;acknowledged
2026-03-18 07:00:10.44144+00;"{""amount"":9360000,""created_at"":""2026-03-07T00:00:00+00:00"",""hours_pending"":271,""portfolio_code"":""WIP2603078058""}";stale_approval;01b2e285-4c50-4323-afeb-e8ba6805ec52;0e675339-4852-46aa-90a8-7c0c40d20b08;2026-03-21 15:29:55.824+00;;acknowledged
2026-03-18 07:00:10.170591+00;"{""amount"":1333400,""created_at"":""2026-03-03T00:00:00+00:00"",""hours_pending"":367,""portfolio_code"":""WIP2603031467""}";stale_approval;3540de6b-3e6d-4770-9281-199fda8b049b;5de970d0-3b35-4ad9-9260-2e0994e58452;2026-03-21 15:25:21.389227+00;;auto_resolved
2026-03-18 07:00:09.925746+00;"{""amount"":5000000,""created_at"":""2026-03-02T00:00:00+00:00"",""hours_pending"":391,""portfolio_code"":""WIP2603026132""}";stale_approval;98c68d0f-56df-4b41-b710-fb982a3b22fc;d30ac7d5-b7fa-46e2-9320-ffa87af01d88;2026-03-21 15:29:55.824+00;;acknowledged
2026-03-18 07:00:09.659396+00;"{""amount"":32547000,""created_at"":""2026-02-28T00:00:00+00:00"",""hours_pending"":439,""portfolio_code"":""WIP2602283615""}";stale_approval;0d2bb0d5-769f-4fd5-813c-f3d5bcabafce;e04657c9-fcf6-4a2f-90c5-ed24b89c49a4;2026-03-21 15:29:55.824+00;;acknowledged
2026-03-18 07:00:09.388479+00;"{""amount"":1000000,""created_at"":""2026-03-16T00:00:00+00:00"",""hours_pending"":55,""portfolio_code"":""WIP2603164477""}";stale_approval;edd769d7-7b64-4817-a75c-d661c7c34ed5;ba8c6427-a312-40bd-963e-b488b97d7819;2026-03-21 15:25:21.389227+00;;auto_resolved
2026-03-18 07:00:09.145955+00;"{""amount"":3583181,""created_at"":""2026-03-01T00:00:00+00:00"",""hours_pending"":415,""portfolio_code"":""WIP2603011698""}";stale_approval;611e9613-3c07-4cae-82d5-a18a993a95a4;9b4660c6-87da-410b-947b-ec29ffc6dd92;2026-03-21 15:25:21.389227+00;;auto_resolved
2026-03-18 07:00:08.888483+00;"{""amount"":5320000,""created_at"":""2026-02-28T00:00:00+00:00"",""hours_pending"":439,""portfolio_code"":""WIP2602286220""}";stale_approval;3ab26ac7-051a-4a0b-85fd-b1ce7d1e27f1;0b2213a8-aa59-4843-97bd-ca5d9e2f6556;2026-03-21 15:29:55.824+00;;acknowledged
2026-03-18 07:00:08.608752+00;"{""amount"":1900000,""created_at"":""2026-03-09T00:00:00+00:00"",""hours_pending"":223,""portfolio_code"":""WIP2603094246""}";stale_approval;c2150e09-1be4-4f82-89c3-2ed91610b0b8;cfc35b9c-5a7d-496c-b243-f03d6c2572d5;2026-03-21 15:25:21.389227+00;;auto_resolved
2026-03-18 07:00:08.328458+00;"{""amount"":2000000,""created_at"":""2026-03-06T00:00:00+00:00"",""hours_pending"":295,""portfolio_code"":""WIP2603068150""}";stale_approval;1f2b0ba6-3de8-48f4-8bf0-1e8334c3b5bc;04146bd2-1117-4668-81d1-a70641eb9399;2026-03-21 15:25:21.389227+00;;auto_resolved
2026-03-18 07:00:08.058308+00;"{""amount"":7000000,""created_at"":""2026-03-13T00:00:00+00:00"",""hours_pending"":127,""portfolio_code"":""WIP2603134508""}";stale_approval;cb868ab9-3ba7-4ced-9ba4-23b3237e3d3d;86da2438-728f-4298-b223-ffbbf6b06332;2026-03-21 15:29:55.824+00;;acknowledged
2026-03-18 07:00:07.81527+00;"{""amount"":2500000,""created_at"":""2026-03-10T00:00:00+00:00"",""hours_pending"":199,""portfolio_code"":""WIP2603103160""}";stale_approval;a0c19d88-7947-4656-861a-a4002d4dba78;88ff3932-a523-48fe-91b6-5ef0d1a2528b;2026-03-21 15:29:55.824+00;;acknowledged
2026-03-18 07:00:07.564144+00;"{""amount"":3000000,""created_at"":""2026-03-16T00:00:00+00:00"",""hours_pending"":55,""portfolio_code"":""WIP2603161838""}";stale_approval;08cb5a3c-5ae6-45ea-8f19-bc9153d6debc;c13bc4db-a74c-4e8d-aad7-5c26c1c55930;2026-03-21 15:29:55.824+00;;acknowledged
2026-03-18 07:00:07.291599+00;"{""amount"":2000000,""created_at"":""2026-03-16T00:00:00+00:00"",""hours_pending"":55,""portfolio_code"":""WIP2603166369""}";stale_approval;a4085ad0-d56a-4322-a6ff-76856f0f1680;cadbbc70-a3e3-4a3f-8694-66fab24814e4;2026-03-21 15:25:21.389227+00;;auto_resolved
2026-03-18 07:00:07.011508+00;"{""amount"":1200000,""created_at"":""2026-03-12T00:00:00+00:00"",""hours_pending"":151,""portfolio_code"":""WIP2603129173""}";stale_approval;86620c7b-476d-4bb2-b2f0-f127f801f91a;95645814-86a4-48fb-8fc6-ce52e85afbf8;2026-03-21 15:25:21.389227+00;;auto_resolved
2026-03-18 07:00:06.736784+00;"{""amount"":1500000,""created_at"":""2026-03-11T00:00:00+00:00"",""hours_pending"":175,""portfolio_code"":""WIP2603119760""}";stale_approval;16b11987-3ed7-4ab8-a8a8-a03285921f01;5469e6ee-d5ae-4290-b2b6-da1ce32e14f1;2026-03-21 15:25:21.389227+00;;auto_resolved
2026-03-18 07:00:06.49829+00;"{""amount"":1000000,""created_at"":""2026-03-04T00:00:00+00:00"",""hours_pending"":343,""portfolio_code"":""WIP2603049746""}";stale_approval;7579ff1c-4c63-49ac-93ad-2ff1d779eed7;03dde3d5-c731-48e4-819d-cdf6f8314938;2026-03-21 15:29:55.824+00;;acknowledged
2026-03-18 07:00:06.25959+00;"{""amount"":4250000,""created_at"":""2025-03-06T00:00:00+00:00"",""hours_pending"":9055,""portfolio_code"":""WIP2503063114""}";stale_approval;09f01c7b-a3cb-4119-b231-ea6bf2de0512;d5b7c655-f820-4496-ae99-8f2b38c358cb;2026-03-21 15:25:21.389227+00;;auto_resolved
2026-03-18 07:00:06.00616+00;"{""amount"":5082000,""created_at"":""2026-03-10T00:00:00+00:00"",""hours_pending"":199,""portfolio_code"":""WIP2603104252""}";stale_approval;0731e52a-1ca9-492c-9f67-6bcb624eaba9;15ed084a-94a1-4ae0-a9b7-6b5906df3882;2026-03-21 15:29:55.824+00;;acknowledged
2026-03-18 07:00:05.752991+00;"{""amount"":152088,""created_at"":""2026-03-04T00:00:00+00:00"",""hours_pending"":343,""portfolio_code"":""WIP2603047430""}";stale_approval;74acf7f8-ba6e-4dda-9f9a-17da370c8762;6814c36a-6425-4035-9793-f8562e8a10df;2026-03-21 15:25:21.389227+00;;auto_resolved
2026-03-18 07:00:05.469963+00;"{""amount"":2600000,""created_at"":""2025-02-28T00:00:00+00:00"",""hours_pending"":9199,""portfolio_code"":""WIP2502288512""}";stale_approval;b0586883-6eef-4520-81c5-513689b2c609;df1e9322-f2f4-49f1-b2e4-1b13f81c4023;2026-03-21 15:25:21.389227+00;;auto_resolved
2026-03-18 07:00:05.125159+00;"{""amount"":2950000,""created_at"":""2025-03-06T00:00:00+00:00"",""hours_pending"":9055,""portfolio_code"":""WIP2503068696""}";stale_approval;8fd723ce-a6de-4121-9f11-6f03d2d56ba7;a06de557-e7e3-4b19-b3bf-6b43ca744942;2026-03-21 15:29:55.824+00;;acknowledged
2026-03-18 07:00:04.865608+00;"{""amount"":1700000,""created_at"":""2025-03-27T00:00:00+00:00"",""hours_pending"":8551,""portfolio_code"":""WIP2503276813""}";stale_approval;4fd54bde-c391-486f-af66-9ef0b70be482;adc5f82a-bb50-490d-aad5-53510dc6489e;2026-03-21 15:29:55.824+00;;acknowledged
2026-03-18 07:00:04.594604+00;"{""amount"":10000000,""created_at"":""2025-03-24T00:00:00+00:00"",""hours_pending"":8623,""portfolio_code"":""WIP2503248054""}";stale_approval;f0553112-e14a-460b-be29-1b918fb992c4;317fa540-81ca-4210-bcbf-02ef22dc7a9c;2026-03-21 15:25:21.389227+00;;auto_resolved
2026-03-18 07:00:04.334506+00;"{""amount"":5000000,""created_at"":""2025-03-19T00:00:00+00:00"",""hours_pending"":8743,""portfolio_code"":""WIP2503196531""}";stale_approval;9d918279-8199-4ca8-9af9-dd67c2c6174b;44da8988-a321-4058-a4f2-9a9d0760ff04;2026-03-21 15:25:21.389227+00;;auto_resolved
2026-03-18 07:00:04.060433+00;"{""amount"":1000000,""created_at"":""2025-03-23T00:00:00+00:00"",""hours_pending"":8647,""portfolio_code"":""WIP2503231851""}";stale_approval;58724ac1-0468-4bf3-82d3-c2a9e42abbbd;64947e32-af24-4d50-af62-b745f338bbc9;2026-03-21 15:29:55.824+00;;acknowledged
2026-03-18 07:00:03.780825+00;"{""amount"":9000000,""created_at"":""2025-03-06T00:00:00+00:00"",""hours_pending"":9055,""portfolio_code"":""WIP2503063318""}";stale_approval;74e1764c-0b09-44b2-9d9f-b406333aae12;d9a2a2e8-168c-4043-94ee-af4b8e9b7cd0;2026-03-21 15:29:55.824+00;;acknowledged
2026-03-18 07:00:03.426669+00;"{""amount"":2000000,""created_at"":""2025-03-27T00:00:00+00:00"",""hours_pending"":8551,""portfolio_code"":""WIP2503279377""}";stale_approval;55f3e56f-ec05-48ff-987b-29549c71ff83;d3562df6-bd07-4619-bdc6-d276166ae3ef;2026-03-21 15:29:55.824+00;;acknowledged
2026-03-18 07:00:03.161892+00;"{""amount"":15000000,""created_at"":""2025-03-14T00:00:00+00:00"",""hours_pending"":8863,""portfolio_code"":""WIP2503147897""}";stale_approval;f024e40c-7cbd-4d97-8ff5-eac078a7571a;ae54f0dd-d59a-4c57-8952-5a04faf56ce0;2026-03-21 15:25:21.389227+00;;auto_resolved
2026-03-18 07:00:02.89153+00;"{""amount"":7000000,""created_at"":""2025-03-09T00:00:00+00:00"",""hours_pending"":8983,""portfolio_code"":""WIP2503098339""}";stale_approval;a6f2e21a-2fd7-40cc-97de-9c6a7f161fa1;40a3e33d-a2bd-4ac2-859a-64618826d381;2026-03-21 15:29:55.824+00;;acknowledged
2026-03-18 07:00:02.718601+00;"{""amount"":5000000,""matured_at"":""2026-03-18T07:00:01.434Z"",""portfolio_code"":""WIP2503091894""}";maturity_expired;cd41bd55-7bbf-484e-8780-4dc6a0eb75f4;914434ef-79b1-4809-941e-7794a1ecf5b0;2026-03-21 15:25:04.107054+00;;auto_resolved
2026-03-18 07:00:02.55408+00;"{""amount"":28000000,""days_remaining"":10,""portfolio_code"":""WIP2603122701""}";maturity_30d;d55d07b4-1cf5-40e2-8f11-126fc8c441d7;b564d5e9-ffe6-44de-81e0-cb8c1978faaa;2026-03-21 15:25:04.107054+00;;auto_resolved
2026-03-18 07:00:02.412242+00;"{""amount"":4500000,""days_remaining"":9,""portfolio_code"":""WIP2503275681""}";maturity_30d;887187b2-a69b-40c7-9dee-dc6453d1a60c;4e6f664d-725c-41ee-8488-8aacb4c32c5b;2026-03-21 15:25:04.107054+00;;auto_resolved
2026-03-18 07:00:02.276993+00;"{""amount"":12000000,""days_remaining"":4,""portfolio_code"":""WIP2503227260""}";maturity_7d;bdc8d68b-2ba4-48ca-88a0-8c3303c86ad8;ae1e281b-3fad-47c8-9488-eed84a7065be;2026-03-21 15:25:04.107054+00;;auto_resolved
2026-03-18 07:00:02.194155+00;"{""amount"":5000000,""matured_at"":""2026-03-18T07:00:01.434Z"",""portfolio_code"":""WIP2503086265""}";maturity_expired;168b2783-0a30-43bb-acd3-d741d34ea112;78fd8eb1-cb9e-43fc-be4b-fa2a627970ce;2026-03-21 15:25:04.107054+00;;auto_resolved
2026-03-18 07:00:02.071292+00;"{""amount"":3000000,""matured_at"":""2026-03-18T07:00:01.434Z"",""portfolio_code"":""WIP2503145178""}";maturity_expired;82437c96-90eb-4652-9e99-dee2c6c9dbae;4e597281-2847-4019-b28a-e8c3c37e8856;2026-03-21 15:25:04.107054+00;;auto_resolved
2026-03-18 07:00:01.862243+00;"{""amount"":3000000,""days_remaining"":3,""portfolio_code"":""WIP2503215752""}";maturity_7d;21752f99-af29-4f58-b7e7-cfe8a828af91;034b6074-234f-4459-9bf3-1659fe3e511a;2026-03-21 15:25:04.107054+00;;auto_resolved
2026-03-18 07:00:01.707581+00;"{""amount"":12000000,""days_remaining"":5,""portfolio_code"":""WIP2503234440""}";maturity_7d;15c5db88-5cab-476f-97de-f37c85958e8a;382e7356-40aa-4409-90ca-4c5a88f65b3a;2026-03-21 15:25:04.107054+00;;auto_resolved
2026-03-18 07:00:01.621676+00;"{""amount"":3200000,""matured_at"":""2026-03-18T07:00:01.434Z"",""portfolio_code"":""WIP2503122056""}";maturity_expired;eb15fec9-3ac6-4105-b8ec-6bba922c5f31;d8a848a1-ed47-40b3-9e83-56f1b163cf9f;2026-03-21 15:25:04.107054+00;;auto_resolved